Dream,Interpretation
Falling through space,"Symbolizes a loss of control, insecurity, or fear of failure, often linked to anxiety and repressed fears."
Tripping or stumbling,Interpretation can't be inferred from Freudian dream analysis principles.
Flying effortlessly,"Represents a desire for freedom, escape from constraints, or unconscious sexual excitement."
Flying with difficulty,"Represents a desire for freedom, escape from constraints, or unconscious sexual excitement."
Running in slow motion,"Indicates avoidance of an unresolved fear, repressed guilt, or internal conflict."
Running but getting nowhere,"Indicates avoidance of an unresolved fear, repressed guilt, or internal conflict."
Paralysis/inability to move,"Reflects feelings of helplessness, repression, or unconscious anxiety about control."
Walking through molasses,Interpretation can't be inferred from Freudian dream analysis principles.
Floating or levitating,Interpretation can't be inferred from Freudian dream analysis principles.
Swimming with ease,Interpretation can't be inferred from Freudian dream analysis principles.
Drowning or struggling in water,"Represents the unconscious mind, emotions, or birth-related symbolism from early childhood experiences."
Driving out of control,Interpretation can't be inferred from Freudian dream analysis principles.
"Missing transportation (bus, train, plane)",Interpretation can't be inferred from Freudian dream analysis principles.
Car brakes failing,Interpretation can't be inferred from Freudian dream analysis principles.
Being chased but moving slowly,"Indicates avoidance of an unresolved fear, repressed guilt, or internal conflict."
Being naked in public,"Represents vulnerability, exposure, or repressed sexual insecurities."
Being underdressed for an occasion,Interpretation can't be inferred from Freudian dream analysis principles.
Public speaking failure,Interpretation can't be inferred from Freudian dream analysis principles.
Forgetting lines in a performance,Interpretation can't be inferred from Freudian dream analysis principles.
Being unprepared for an exam,Interpretation can't be inferred from Freudian dream analysis principles.
Missing an important deadline,Interpretation can't be inferred from Freudian dream analysis principles.
Arriving late to an important event,Interpretation can't be inferred from Freudian dream analysis principles.
Getting lost in a familiar place,"Represents fear of loss, forgotten memories, or anxiety about change and personal identity."
Finding yourself in the wrong classroom,Interpretation can't be inferred from Freudian dream analysis principles.
Teeth falling out,"Symbolizes a loss of control, insecurity, or fear of failure, often linked to anxiety and repressed fears."
Hair falling out,"Symbolizes a loss of control, insecurity, or fear of failure, often linked to anxiety and repressed fears."
Being unable to find a bathroom,Interpretation can't be inferred from Freudian dream analysis principles.
Being unable to close/lock a door,Interpretation can't be inferred from Freudian dream analysis principles.
Embarrassing yourself in front of a crowd,Interpretation can't be inferred from Freudian dream analysis principles.
Being judged by others,Interpretation can't be inferred from Freudian dream analysis principles.
Being chased by an unknown entity,"Indicates avoidance of an unresolved fear, repressed guilt, or internal conflict."
Being chased by an animal,"Indicates avoidance of an unresolved fear, repressed guilt, or internal conflict."
Being chased by a monster,"Indicates avoidance of an unresolved fear, repressed guilt, or internal conflict."
Being pursued by an authority figure,Interpretation can't be inferred from Freudian dream analysis principles.
Hiding from a threat,Interpretation can't be inferred from Freudian dream analysis principles.
Being trapped in a small space,"Reflects feelings of restriction, repression, or being stuck in unresolved inner conflicts."
Being cornered with no escape,Interpretation can't be inferred from Freudian dream analysis principles.
Running from natural disasters,"Indicates avoidance of an unresolved fear, repressed guilt, or internal conflict."
Escaping from prison or confinement,Interpretation can't be inferred from Freudian dream analysis principles.
Being stalked by someone,Interpretation can't be inferred from Freudian dream analysis principles.
Trying to scream but no sound comes out,Interpretation can't be inferred from Freudian dream analysis principles.
Unable to call for help,Interpretation can't be inferred from Freudian dream analysis principles.
Phone not working in emergency,Interpretation can't be inferred from Freudian dream analysis principles.
Being hunted,Interpretation can't be inferred from Freudian dream analysis principles.
Escaping from a burning building,Interpretation can't be inferred from Freudian dream analysis principles.
Reconciling with an ex-partner,Interpretation can't be inferred from Freudian dream analysis principles.
Arguing with a loved one,Interpretation can't be inferred from Freudian dream analysis principles.
Being abandoned by a partner,Interpretation can't be inferred from Freudian dream analysis principles.
Finding a new romantic partner,Interpretation can't be inferred from Freudian dream analysis principles.
Wedding disasters,Interpretation can't be inferred from Freudian dream analysis principles.
Cheating on a partner,Interpretation can't be inferred from Freudian dream analysis principles.
Partner cheating on you,Interpretation can't be inferred from Freudian dream analysis principles.
Reconnecting with a childhood friend,Interpretation can't be inferred from Freudian dream analysis principles.
Conflict with family members,Interpretation can't be inferred from Freudian dream analysis principles.
Reuniting with someone who has died,Interpretation can't be inferred from Freudian dream analysis principles.
Taking care of a baby,Interpretation can't be inferred from Freudian dream analysis principles.
Losing a child in a crowd,Interpretation can't be inferred from Freudian dream analysis principles.
Meeting a celebrity,"Represents aspirational qualities, projection of personal desires, or unconscious wish-fulfillment."
Being ignored by someone important,Interpretation can't be inferred from Freudian dream analysis principles.
Confronting someone who hurt you,Interpretation can't be inferred from Freudian dream analysis principles.
Dying yourself,Interpretation can't be inferred from Freudian dream analysis principles.
Attending your own funeral,Interpretation can't be inferred from Freudian dream analysis principles.
Witnessing someone else's death,"Could represent transformation, deep fears, or unconscious desires related to the Oedipus complex."
A loved one dying,Interpretation can't be inferred from Freudian dream analysis principles.
A pet dying,Interpretation can't be inferred from Freudian dream analysis principles.
Losing a valued possession,Interpretation can't be inferred from Freudian dream analysis principles.
Home being destroyed,Interpretation can't be inferred from Freudian dream analysis principles.
Apocalyptic scenarios,Interpretation can't be inferred from Freudian dream analysis principles.
War or conflict,Interpretation can't be inferred from Freudian dream analysis principles.
Pandemic or widespread illness,Interpretation can't be inferred from Freudian dream analysis principles.
Being buried alive,Interpretation can't be inferred from Freudian dream analysis principles.
Ghosts or spirits,"Indicates unresolved guilt, past traumas, or subconscious fears manifesting in symbolic form."
Communicating with the dead,Interpretation can't be inferred from Freudian dream analysis principles.
Afterlife experiences,Interpretation can't be inferred from Freudian dream analysis principles.
Reincarnation experiences,Interpretation can't be inferred from Freudian dream analysis principles.
Finding money,"Symbolizes self-worth, unexpected gains, or unconscious material desires."
Discovering hidden rooms in your house,Symbolizes the self; different rooms represent different aspects of the psyche and unconscious mind.
Acquiring special abilities or powers,Interpretation can't be inferred from Freudian dream analysis principles.
Winning a competition,Interpretation can't be inferred from Freudian dream analysis principles.
Being promoted at work,Interpretation can't be inferred from Freudian dream analysis principles.
Academic success,Interpretation can't be inferred from Freudian dream analysis principles.
Athletic triumph,Interpretation can't be inferred from Freudian dream analysis principles.
Being admired by others,Interpretation can't be inferred from Freudian dream analysis principles.
Finding the perfect home,Interpretation can't be inferred from Freudian dream analysis principles.
Discovering treasure,Interpretation can't be inferred from Freudian dream analysis principles.
Being recognized for achievements,Interpretation can't be inferred from Freudian dream analysis principles.
Solving a complex problem,Interpretation can't be inferred from Freudian dream analysis principles.
Creating something beautiful,Interpretation can't be inferred from Freudian dream analysis principles.
Being rescued,Interpretation can't be inferred from Freudian dream analysis principles.
Helping others in need,Interpretation can't be inferred from Freudian dream analysis principles.
House intruder,Symbolizes the self; different rooms represent different aspects of the psyche and unconscious mind.
Being attacked,Interpretation can't be inferred from Freudian dream analysis principles.
Car accident,"Indicates a perceived loss of direction, internal chaos, or fear of life's unpredictability."
Plane crash,Interpretation can't be inferred from Freudian dream analysis principles.
"Natural disasters (earthquake, tsunami, tornado)",Interpretation can't be inferred from Freudian dream analysis principles.
Being lost in the wilderness,"Represents fear of loss, forgotten memories, or anxiety about change and personal identity."
Falling from a great height into water,"Symbolizes a loss of control, insecurity, or fear of failure, often linked to anxiety and repressed fears."
Being trapped under ice,"Reflects feelings of restriction, repression, or being stuck in unresolved inner conflicts."
Being in a war zone,Interpretation can't be inferred from Freudian dream analysis principles.
Being in a hostage situation,Interpretation can't be inferred from Freudian dream analysis principles.
Being operated on while conscious,Interpretation can't be inferred from Freudian dream analysis principles.
Being poisoned,Interpretation can't be inferred from Freudian dream analysis principles.
Wild animal attack,Interpretation can't be inferred from Freudian dream analysis principles.
Snake encounters,Interpretation can't be inferred from Freudian dream analysis principles.
Insect infestation,Interpretation can't be inferred from Freudian dream analysis principles.
Pregnancy or giving birth,"Symbolizes new beginnings, creativity, or unconscious sexual and parental anxieties."
Buildings or structures collapsing,Interpretation can't be inferred from Freudian dream analysis principles.
"Water (rising, flooding, tidal waves)","Represents the unconscious mind, emotions, or birth-related symbolism from early childhood experiences."
"Fire (uncontrolled, spreading)","Symbolizes passion, destruction, or uncontrolled emotions linked to repressed aggression."
Repeating numbers or patterns,Interpretation can't be inferred from Freudian dream analysis principles.
Mirrors reflecting something unexpected,"Reflects self-perception, identity struggles, or hidden truths of the unconscious mind."
Doors leading to unexpected places,Interpretation can't be inferred from Freudian dream analysis principles.
Staircases that never end,Interpretation can't be inferred from Freudian dream analysis principles.
Labyrinth or maze navigation,"Indicates confusion, problem-solving struggles, or feeling lost in life's complexities."
Technology malfunctioning,Interpretation can't be inferred from Freudian dream analysis principles.
Body transformation or mutation,Interpretation can't be inferred from Freudian dream analysis principles.
Being able to breathe underwater,"Represents the unconscious mind, emotions, or birth-related symbolism from early childhood experiences."
Time speeding up or slowing down,Interpretation can't be inferred from Freudian dream analysis principles.
Colors changing or intensifying,Interpretation can't be inferred from Freudian dream analysis principles.
Objects changing shape,Interpretation can't be inferred from Freudian dream analysis principles.
School or workplace with altered layout,Interpretation can't be inferred from Freudian dream analysis principles.
Childhood home with unfamiliar rooms,Interpretation can't be inferred from Freudian dream analysis principles.
Shopping but unable to decide or pay,Interpretation can't be inferred from Freudian dream analysis principles.
Eating food that never satisfies,Interpretation can't be inferred from Freudian dream analysis principles.
Attempting to use a bathroom with no privacy,Interpretation can't be inferred from Freudian dream analysis principles.
Looking for something that keeps moving,Interpretation can't be inferred from Freudian dream analysis principles.
Being in a familiar setting with unknown people,Interpretation can't be inferred from Freudian dream analysis principles.
Reading text that keeps changing,Interpretation can't be inferred from Freudian dream analysis principles.
Trying to pack but never finishing,Interpretation can't be inferred from Freudian dream analysis principles.
Driving on roads that change direction,Interpretation can't be inferred from Freudian dream analysis principles.
Meeting different versions of the same person,Interpretation can't be inferred from Freudian dream analysis principles.
Living in a house with unstable foundations,Symbolizes the self; different rooms represent different aspects of the psyche and unconscious mind.
Walking through walls,Interpretation can't be inferred from Freudian dream analysis principles.
Kitchen appliances with minds of their own,Interpretation can't be inferred from Freudian dream analysis principles.
Furniture rearranging itself,Interpretation can't be inferred from Freudian dream analysis principles.
Returning to childhood home,Interpretation can't be inferred from Freudian dream analysis principles.
Being a child again,Interpretation can't be inferred from Freudian dream analysis principles.
Meeting your younger self,Interpretation can't be inferred from Freudian dream analysis principles.
Reliving a traumatic childhood event,Interpretation can't be inferred from Freudian dream analysis principles.
Playing with childhood toys,Interpretation can't be inferred from Freudian dream analysis principles.
Seeing deceased relatives young again,Interpretation can't be inferred from Freudian dream analysis principles.
Being back in school,Interpretation can't be inferred from Freudian dream analysis principles.
Reuniting with long-forgotten friends,Interpretation can't be inferred from Freudian dream analysis principles.
Revisiting places that no longer exist,Interpretation can't be inferred from Freudian dream analysis principles.
Having childhood pets return,Interpretation can't be inferred from Freudian dream analysis principles.
Parents becoming children,Interpretation can't be inferred from Freudian dream analysis principles.
Childhood bullies appearing,Interpretation can't be inferred from Freudian dream analysis principles.
Former teachers judging your adult life,Interpretation can't be inferred from Freudian dream analysis principles.
Finding lost childhood possessions,"Represents fear of loss, forgotten memories, or anxiety about change and personal identity."
Remembering a forgotten skill,Interpretation can't be inferred from Freudian dream analysis principles.
Meeting your future self,Interpretation can't be inferred from Freudian dream analysis principles.
Seeing unborn children,Interpretation can't be inferred from Freudian dream analysis principles.
Apocalyptic visions,Interpretation can't be inferred from Freudian dream analysis principles.
Technological advancement,Interpretation can't be inferred from Freudian dream analysis principles.
Career changes,Interpretation can't be inferred from Freudian dream analysis principles.
Moving to a new place,Interpretation can't be inferred from Freudian dream analysis principles.
Environmental changes,Interpretation can't be inferred from Freudian dream analysis principles.
Aging rapidly,Interpretation can't be inferred from Freudian dream analysis principles.
Global transformation,Interpretation can't be inferred from Freudian dream analysis principles.
Space travel or colonization,Interpretation can't be inferred from Freudian dream analysis principles.
Meeting extraterrestrial beings,Interpretation can't be inferred from Freudian dream analysis principles.
Seeing the world after your death,"Could represent transformation, deep fears, or unconscious desires related to the Oedipus complex."
Experiencing future technologies,Interpretation can't be inferred from Freudian dream analysis principles.
Receiving warnings about health,Interpretation can't be inferred from Freudian dream analysis principles.
Glimpsing future relationships,Interpretation can't be inferred from Freudian dream analysis principles.
Being multiple people simultaneously,Interpretation can't be inferred from Freudian dream analysis principles.
Observing yourself from outside your body,Interpretation can't be inferred from Freudian dream analysis principles.
Merging with other beings,Interpretation can't be inferred from Freudian dream analysis principles.
Becoming non-human,Interpretation can't be inferred from Freudian dream analysis principles.
Dissolving into light or energy,Interpretation can't be inferred from Freudian dream analysis principles.
Experiencing infinity,Interpretation can't be inferred from Freudian dream analysis principles.
Understanding the universe's secrets,Interpretation can't be inferred from Freudian dream analysis principles.
Speaking with divine beings,Interpretation can't be inferred from Freudian dream analysis principles.
Experiencing alternate timelines,Interpretation can't be inferred from Freudian dream analysis principles.
Witnessing creation or destruction of worlds,Interpretation can't be inferred from Freudian dream analysis principles.
Communicating without words,Interpretation can't be inferred from Freudian dream analysis principles.
Existing as pure consciousness,Interpretation can't be inferred from Freudian dream analysis principles.
Traveling between dimensions,Interpretation can't be inferred from Freudian dream analysis principles.
"Experiencing synesthesia (seeing sounds, etc.)",Interpretation can't be inferred from Freudian dream analysis principles.
Being unable to determine if you're dreaming,Interpretation can't be inferred from Freudian dream analysis principles.
Repeating tasks endlessly,Interpretation can't be inferred from Freudian dream analysis principles.
Returning to the same location repeatedly,Interpretation can't be inferred from Freudian dream analysis principles.
Meeting the same stranger in different settings,Interpretation can't be inferred from Freudian dream analysis principles.
Solving the same puzzle with different outcomes,Interpretation can't be inferred from Freudian dream analysis principles.
Being in a loop of the same conversation,Interpretation can't be inferred from Freudian dream analysis principles.
Revisiting a traumatic event with variations,Interpretation can't be inferred from Freudian dream analysis principles.
Reliving the same day,Interpretation can't be inferred from Freudian dream analysis principles.
Trying different approaches to the same problem,Interpretation can't be inferred from Freudian dream analysis principles.
Being in a recurring classroom situation,Interpretation can't be inferred from Freudian dream analysis principles.
Experiencing the same natural disaster,Interpretation can't be inferred from Freudian dream analysis principles.
Repeatedly trying to reach a destination,Interpretation can't be inferred from Freudian dream analysis principles.
Having the same argument with different people,Interpretation can't be inferred from Freudian dream analysis principles.
Looking for something that's repeatedly lost,"Represents fear of loss, forgotten memories, or anxiety about change and personal identity."
Experiencing deja vu within the dream,Interpretation can't be inferred from Freudian dream analysis principles.
Trying to heal the same wound,Interpretation can't be inferred from Freudian dream analysis principles.
Becoming aware you're dreaming,Interpretation can't be inferred from Freudian dream analysis principles.
Attempting to control the dream,Interpretation can't be inferred from Freudian dream analysis principles.
Waking up but still dreaming,Interpretation can't be inferred from Freudian dream analysis principles.
Dreams nested within dreams,Interpretation can't be inferred from Freudian dream analysis principles.
Dreaming about interpreting dreams,Interpretation can't be inferred from Freudian dream analysis principles.
